Settled;Description;Type;Odds;Stake (R$);Liability (R$);Profit/Loss (R$);Status
01-Jun-22 17:03:54;Kokkinakis v Ot Virtanen Thanasi Kokkinakis-Match Odds | Betfair Bet ID 1:270170743349 | Placed 01-Jun-22 07:15:00;Back;1,26;5; -- ;-5;Lost
01-Jun-22 15:28:12;Duckworth v Herbert James Duckworth-Match Odds | Betfair Bet ID 1:270148768510 | Placed 31-May-22 21:52:06;Back;2;5; -- ;-5;Lost
01-Jun-22 14:05:42;Thompson v Copil Jordan Thompson-Match Odds | Betfair Bet ID 1:270148799765 | Placed 31-May-22 21:53:25;Back;1,71;5; -- ;3,55;Won
01-Jun-22 13:49:44;Al Shevchenko v Laaksonen Henri Laaksonen-Match Odds | Betfair Bet ID 1:270170855771 | Placed 01-Jun-22 07:16:09;Back;1,92;5; -- ;-5;Lost
31-May-22 15:08:13;Uchida v Str Kirchheimer Kaichi Uchida-Match Odds | Betfair Bet ID 1:270115664878 | Placed 31-May-22 10:52:27;Back;1,58;5; -- ;2,9;Won
26-Apr-22 19:47:48;Lock v Sk Mansouri Skander Mansouri-Match Odds | Betfair Bet ID 1:266243968210 | Placed 26-Apr-22 14:34:25;Back;1,72;5; -- ;-5;Lost
26-Apr-22 15:44:38;C Van Nguyen v A Sutjiadi A Sutjiadi-Match Odds | Betfair Bet ID 1:266218775149 | Placed 26-Apr-22 09:47:38;Back;1,83;5; -- ;-5;Lost
26-Apr-22 14:50:00;A Parazinskaite v E Mandlik E Mandlik-Match Odds | Betfair Bet ID 1:266218810188 | Placed 26-Apr-22 09:48:01;Back;1,5;5; -- ;-5;Lost
25-Apr-22 16:37:52;Coria v Zapata Miralles Federico Coria-Match Odds | Betfair Bet ID 1:266139269747 | Placed 25-Apr-22 12:19:15;Back;1,78;6; -- ;-6;Lost
25-Apr-22 14:52:47;Lajovic v Tiafoe Frances Tiafoe-Match Odds | Betfair Bet ID 1:266128320287 | Placed 25-Apr-22 10:36:50;Back;1,63;5; -- ;3,15;Won
24-Apr-22 18:11:51;Otegui v Martinez Mateo Nicolas Martinez-Match Odds | Betfair Bet ID 1:266051026891 | Placed 24-Apr-22 14:31:09;Back;1,52;6,27; -- ;-6,27;Lost
24-Apr-22 07:39:32;L Bronzetti v S Waltert L Bronzetti-Match Odds | Betfair Bet ID 1:265958500700 | Placed 24-Apr-22 02:45:30;Back;1,5;7; -- ;3,5;Won
23-Apr-22 07:32:41;Arnaldi v Arnaboldi Andrea Arnaboldi-Match Odds | Betfair Bet ID 1:265776190387 | Placed 23-Apr-22 01:35:56;Back;1,89;7,14; -- ;-7,14;Lost
22-Apr-22 09:14:41;d schwartzman v Musetti Diego Schwartzman-Match Odds | Betfair Bet ID 1:265672527531 | Placed 22-Apr-22 07:02:44;Back;1,5;5; -- ;2,5;Won
21-Apr-22 18:29:08;Kontaveit v Alexandrova Anett Kontaveit-Match Odds | Betfair Bet ID 1:265614125337 | Placed 21-Apr-22 12:48:11;Back;1,53;6; -- ;3,18;Won
21-Apr-22 15:58:09;Tama Korpatsch v Emm Raducanu Emma Raducanu-Match Odds | Betfair Bet ID 1:265614156090 | Placed 21-Apr-22 12:48:32;Back;1,52;6; -- ;3,12;Won
21-Apr-22 13:26:49;Djokovic v Kecmanovic Novak Djokovic-Match Odds | Betfair Bet ID 1:265596525520 | Placed 21-Apr-22 09:55:42;Back;1,6;6,99; -- ;4,19;Won
21-Apr-22 12:15:37;Samsonova v Ka Pliskova Karolina Pliskova-Match Odds | Betfair Bet ID 1:265596452109 | Placed 21-Apr-22 09:55:00;Back;1,98;7; -- ;-7;Lost
19-Apr-22 19:53:10;Bellier v Istomin Denis Istomin-Match Odds | Betfair Bet ID 1:265404737742 | Placed 19-Apr-22 14:49:14;Back;1,85;7,24; -- ;6,15;Won
19-Apr-22 12:58:18;Mari Melnikova v Kudermetova Veronika Kudermetova-Match Odds | Betfair Bet ID 1:265369193561 | Placed 19-Apr-22 09:21:38;Back;1,24;10; -- ;2,4;Won
19-Apr-22 06:48:39;Martincova v Bondar Tereza Martincova-Match Odds | Betfair Bet ID 1:265341773912 | Placed 18-Apr-22 22:25:41;Back;1,76;6,81; -- ;-6,81;Lost
18-Apr-22 15:12:31;Samsonova v Paquet Liudmila Samsonova-Match Odds | Betfair Bet ID 1:265305164257 | Placed 18-Apr-22 13:20:17;Back;1,43;7; -- ;3,01;Won
16-Apr-22 07:51:33;Carballes Baena v Cachin Roberto Carballes Baena-Match Odds | Betfair Bet ID 1:264902067677 | Placed 15-Apr-22 22:23:32;Back;1,61;7,65; -- ;-7,65;Lost
16-Apr-22 00:09:17;Olivo v Escobedo Ernesto Escobedo-Match Odds | Betfair Bet ID 1:264888448035 | Placed 15-Apr-22 17:33:38;Back;1,74;7; -- ;-7;Lost
15-Apr-22 20:02:04;Johnson v Krueger Steve Johnson-Match Odds | Betfair Bet ID 1:264888227997 | Placed 15-Apr-22 17:31:24;Back;1,65;6; -- ;3,9;Won
15-Apr-22 08:37:10;Davidovich Fokina v Fritz Taylor Fritz-Match Odds | Betfair Bet ID 1:264790318625 | Placed 15-Apr-22 00:43:13;Back;1,96;8; -- ;-8;Lost
15-Apr-22 06:21:34;Y Putintseva v A Kerber Angelique Kerber-Match Odds | Betfair Bet ID 1:264785259784 | Placed 14-Apr-22 22:01:43;Back;1,75;6,88; -- ;-6,88;Lost
14-Apr-22 19:17:53;Zh Zhang v Ni Mejia Zhizhen Zhang-Match Odds | Betfair Bet ID 1:264769349886 | Placed 14-Apr-22 16:17:13;Back;1,8;6; -- ;4,8;Won
14-Apr-22 18:50:14;Brouwer v Sock Jack Sock-Match Odds | Betfair Bet ID 1:264748721078 | Placed 14-Apr-22 13:38:03;Back;1,52;6,9; -- ;3,59;Won
14-Apr-22 14:18:44;K Stresnakova v D Jakupovic D Jakupovic-Match Odds | Betfair Bet ID 1:264720630406 | Placed 14-Apr-22 09:35:05;Back;1,67;5; -- ;3,35;Won
14-Apr-22 10:33:22;Musetti v Schwartzman Diego Schwartzman-Match Odds | Betfair Bet ID 1:264691499254 | Placed 14-Apr-22 00:28:15;Back;1,57;7,18; -- ;4,09;Won
14-Apr-22 07:32:03;O Weightman v H Moriya H Moriya-Match Odds | Betfair Bet ID 1:264696029391 | Placed 14-Apr-22 03:12:43;Back;1,31;10; -- ;3,1;Won
13-Apr-22 23:16:52;Bellier v Gaio Federico Gaio-Match Odds | Betfair Bet ID 1:264662243557 | Placed 13-Apr-22 15:01:09;Back;1,58;8; -- ;-8;Lost
13-Apr-22 11:31:33;Verdasco v Guinard Fernando Verdasco-Match Odds | Betfair Bet ID 1:264610213964 | Placed 13-Apr-22 06:44:46;Back;1,68;5; -- ;-5;Lost
13-Apr-22 10:03:25;K Kuzmova v X Yao K Kuzmova-Match Odds | Betfair Bet ID 1:264610087936 | Placed 13-Apr-22 06:43:04;Back;2,38;5; -- ;-5;Lost
12-Apr-22 16:25:31;R Harrison v Adrian Andreev Ryan Harrison-Match Odds | Betfair Bet ID 1:264564861445 | Placed 12-Apr-22 14:16:46;Back;1,87;6; -- ;-6;Lost
12-Apr-22 15:56:05;Lajovic v Dimitrov Grigor Dimitrov-Match Odds | Betfair Bet ID 1:264553978855 | Placed 12-Apr-22 11:59:40;Back;1,6;7,8; -- ;4,68;Won
12-Apr-22 06:43:20;E Appleton v F Arcidiacono F Arcidiacono-Match Odds | Betfair Bet ID 1:264523062860 | Placed 12-Apr-22 02:19:12;Back;1,67;7,26; -- ;4,86;Won
11-Apr-22 15:42:38;Hurkacz v Dellien Hubert Hurkacz-Match Odds | Betfair Bet ID 1:264467846375 | Placed 11-Apr-22 10:03:29;Back;1,48;7,08; -- ;3,4;Won
10-Apr-22 17:12:36;Jabeur v Bencic Ons Jabeur-Match Odds | Betfair Bet ID 1:264368305138 | Placed 10-Apr-22 11:27:49;Back;1,97;5; -- ;-5;Lost
10-Apr-22 08:30:03;Cobolli v Emil Ruusuvuori Emil Ruusuvuori-Match Odds | Betfair Bet ID 1:264290742557 | Placed 10-Apr-22 00:29:57;Back;1,61;7; -- ;4,27;Won
09-Apr-22 18:36:56;Isner v Garin John Isner-Match Odds | Betfair Bet ID 1:264243971286 | Placed 09-Apr-22 15:11:29;Back;1,86;6; -- ;5,19;Won
09-Apr-22 18:00:24;Anisimova v Jabeur Ons Jabeur-Match Odds | Betfair Bet ID 1:264243891420 | Placed 09-Apr-22 15:10:59;Back;1,78;6,5; -- ;5,07;Won
09-Apr-22 13:30:02;Cressy v Van Assche Maxime Cressy-Match Odds | Betfair Bet ID 1:264169292031 | Placed 09-Apr-22 09:35:18;Back;1,64;6,54; -- ;4,19;Won
08-Apr-22 01:26:36;Johnson v Isner John Isner-Match Odds | Betfair Bet ID 1:263989637257 | Placed 07-Apr-22 18:58:16;Back;1,8;5; -- ;4;Won
08-Apr-22 00:28:32;A Eala v M Kobori A Eala-Match Odds | Betfair Bet ID 1:263994910513 | Placed 07-Apr-22 20:54:54;Back;2;5; -- ;5;Won
07-Apr-22 22:48:19;Tabilo v Fritz Taylor Fritz-Match Odds | Betfair Bet ID 1:263989621778 | Placed 07-Apr-22 18:57:49;Back;1,79;5; -- ;3,94;Won
07-Apr-22 15:11:54;L Neumayer v M Alcala Gurri L Neumayer-Match Odds | Betfair Bet ID 1:263939559706 | Placed 07-Apr-22 09:15:26;Back;1,26;10; -- ;2,6;Won
07-Apr-22 14:00:52;Sabalenka v Anisimova Aryna Sabalenka-Match Odds | Betfair Bet ID 1:263939787317 | Placed 07-Apr-22 09:17:47;Back;1,94;10; -- ;-10;Lost
07-Apr-22 10:15:53;Passaro v Ma Valkusz Mate Valkusz-Match Odds | Betfair Bet ID 1:263917940621 | Placed 07-Apr-22 01:38:12;Back;1,75;10; -- ;-10;Lost
07-Apr-22 08:44:46;Cachin v Brancaccio Raul Brancaccio-Match Odds | Betfair Bet ID 1:263917973346 | Placed 07-Apr-22 01:39:26;Back;2,8;5; -- ;-5;Lost
07-Apr-22 04:06:12;P Cheapchandej v A Eala P Cheapchandej-Match Odds | Betfair Bet ID 1:263917966242 | Placed 07-Apr-22 01:39:09;Back;2,88;5; -- ;-5;Lost
07-Apr-22 03:43:23;I De Vroome v S Akita S Akita-Match Odds | Betfair Bet ID 1:263917955436 | Placed 07-Apr-22 01:38:47;Back;3;5; -- ;-5;Lost
07-Apr-22 01:01:40;J Lu v H Kuwata H Kuwata-Match Odds | Betfair Bet ID 1:263905117676 | Placed 06-Apr-22 20:46:26;Back;2,5;10; -- ;15;Won
06-Apr-22 18:54:20;Kyrgios v Paul Tommy Paul-Match Odds | Betfair Bet ID 1:263896701083 | Placed 06-Apr-22 17:35:16;Back;2,42;5; -- ;-5;Lost
06-Apr-22 18:06:15;Qinw Zheng v Alexandrova Qinwen Zheng-Match Odds | Betfair Bet ID 1:263880990658 | Placed 06-Apr-22 14:58:37;Back;1,78;10; -- ;-10;Lost
06-Apr-22 16:48:59;Collarini v Pervolarakis Michail Pervolarakis-Match Odds | Betfair Bet ID 1:263870455984 | Placed 06-Apr-22 13:30:38;Back;2,1;10; -- ;-10;Lost
06-Apr-22 14:22:15;Cam Ugo Carabelli v Santillan Camilo Ugo Carabelli-Match Odds | Betfair Bet ID 1:263870530085 | Placed 06-Apr-22 13:31:13;Back;2,72;5; -- ;8,6;Won
06-Apr-22 07:51:30;Pellegrino v L Klein Andrea Pellegrino-Match Odds | Betfair Bet ID 1:263713762808 | Placed 04-Apr-22 23:00:15;Back;1,7;10; -- ;-10;Lost
06-Apr-22 05:39:54;M Vrbensky v I Snitari I Snitari-Match Odds | Betfair Bet ID 1:263811524452 | Placed 06-Apr-22 01:37:21;Back;2,1;7,73; -- ;-7,73;Lost
06-Apr-22 03:49:00;Zlochova v J Bojovic Z Zlochova-Match Odds | Betfair Bet ID 1:263811498478 | Placed 06-Apr-22 01:36:27;Back;1,53;10; -- ;-10;Lost
06-Apr-22 00:44:40;Tiafoe v Giron Frances Tiafoe-Match Odds | Betfair Bet ID 1:263708239922 | Placed 04-Apr-22 18:47:14;Back;1,58;10; -- ;5,8;Won
05-Apr-22 22:54:30;Garin v Sock Cristian Garin-Match Odds | Betfair Bet ID 1:263785025526 | Placed 05-Apr-22 16:50:27;Back;2;8; -- ;8;Won
05-Apr-22 20:11:14;McDonald v Kyrgios Mackenzie McDonald-Match Odds | Betfair Bet ID 1:263784842912 | Placed 05-Apr-22 16:48:31;Back;2,78;5; -- ;-5;Lost
05-Apr-22 18:01:16;Johnson v Kudla Steve Johnson-Match Odds | Betfair Bet ID 1:263696384849 | Placed 04-Apr-22 15:58:18;Back;1,73;10; -- ;7,3;Won
05-Apr-22 14:05:43;Laaksonen v Gasquet Henri Laaksonen-Match Odds | Betfair Bet ID 1:263746026263 | Placed 05-Apr-22 10:22:34;Back;2,66;5,48; -- ;-5,48;Lost
05-Apr-22 13:05:26;Dellien v Van de Zandschulp Hugo Dellien-Match Odds | Betfair Bet ID 1:263745836142 | Placed 05-Apr-22 10:19:43;Back;2,24;10; -- ;-10;Lost
05-Apr-22 08:14:49;N Bouzo Zanotti v J Gimbrere N Bouzo Zanotti-Match Odds | Betfair Bet ID 1:263716287846 | Placed 05-Apr-22 01:04:54;Back;3;5; -- ;-5;Lost
05-Apr-22 08:05:20;O Gutierrez v Ti Cacao Oscar Jose Gutierrez-Match Odds | Betfair Bet ID 1:263716326002 | Placed 05-Apr-22 01:06:53;Back;1,32;10; -- ;3,2;Won
05-Apr-22 07:48:45;N Abduraimova v M Colmegna M Colmegna-Match Odds | Betfair Bet ID 1:263716270331 | Placed 05-Apr-22 01:04:04;Back;3;5; -- ;10;Won
05-Apr-22 06:46:59;J Avdeeva v G Topalova J Avdeeva-Match Odds | Betfair Bet ID 1:263716296020 | Placed 05-Apr-22 01:05:25;Back;1,31;10; -- ;3,1;Won
04-Apr-22 21:31:47;Clarke v Tomic Jay Clarke-Match Odds | Betfair Bet ID 1:263696436991 | Placed 04-Apr-22 15:58:44;Back;1,54;10; -- ;5,4;Won
04-Apr-22 16:13:44;Giustino v Nikles Lorenzo Giustino-Match Odds | Betfair Bet ID 1:263661418287 | Placed 04-Apr-22 10:05:00;Back;1,83;10; -- ;8,3;Won
04-Apr-22 14:36:38;Arnaboldi v Grenier Andrea Arnaboldi-Match Odds | Betfair Bet ID 1:263661386135 | Placed 04-Apr-22 10:04:40;Back;1,83;10; -- ;8,3;Won
04-Apr-22 12:45:25;Sasnovich v Kalinina Aliaksandra Sasnovich-Match Odds | Betfair Bet ID 1:263661467928 | Placed 04-Apr-22 10:05:28;Back;1,87;10; -- ;-10;Lost
04-Apr-22 07:54:55;Ol Krutykh v Heyman Oleksii Krutykh-Match Odds | Betfair Bet ID 1:263641754845 | Placed 04-Apr-22 03:23:47;Back;1,38;10; -- ;3,8;Won
04-Apr-22 07:52:48;Marozsan v Paulson Fabian Marozsan-Match Odds | Betfair Bet ID 1:263641872894 | Placed 04-Apr-22 03:27:59;Back;1,22;10; -- ;2,2;Won
04-Apr-22 07:24:34;Molleker v Bobrov Rudolf Molleker-Match Odds | Betfair Bet ID 1:263641848200 | Placed 04-Apr-22 03:27:03;Back;1,38;10; -- ;3,8;Won
03-Apr-22 12:34:10;I Gamarra Martins v E Lys I Gamarra Martins-Match Odds | Betfair Bet ID 1:263554319570 | Placed 03-Apr-22 10:24:11;Back;2,56;5; -- ;7,8;Won
03-Apr-22 03:26:37;J Kubler v O Jasika J Kubler-Match Odds | Betfair Bet ID 1:263487659793 | Placed 02-Apr-22 21:26:48;Back;1,27;12,95; -- ;3,5;Won
02-Apr-22 18:57:37;Krueger v Ebden Mitchell Krueger-Match Odds | Betfair Bet ID 1:263472859867 | Placed 02-Apr-22 17:28:30;Back;1,25;10; -- ;2,49;Won
02-Apr-22 14:20:31;Vesely v Munar Jiri Vesely-Match Odds | Betfair Bet ID 1:263405339166 | Placed 02-Apr-22 11:25:49;Back;2,74;10; -- ;-10;Lost
02-Apr-22 06:04:11;V Royer v H Medjedovic V Royer-Match Odds | Betfair Bet ID 1:263328525959 | Placed 02-Apr-22 02:21:25;Back;2,2;10; -- ;-10;Lost
01-Apr-22 13:32:00;Carballes Baena v Vesely Jiri Vesely-Match Odds | Betfair Bet ID 1:263253444546 | Placed 01-Apr-22 11:12:08;Back;2,2;10; -- ;12;Won
01-Apr-22 11:16:21;Escoffier v Ry Peniston Ryan Peniston-Match Odds | Betfair Bet ID 1:263216154985 | Placed 01-Apr-22 00:10:48;Back;2;10; -- ;-10;Lost
01-Apr-22 09:32:25;Serdarusic v Rubin Noah Rubin-Match Odds | Betfair Bet ID 1:263216199981 | Placed 01-Apr-22 00:11:49;Back;2,5;9,96; -- ;-9,96;Lost
01-Apr-22 09:32:25;Serdarusic v Rubin Noah Rubin-Match Odds | Betfair Bet ID 1:263216204605 | Placed 01-Apr-22 00:11:54;Back;2,46;0,04; -- ;-0,04;Lost
01-Apr-22 08:08:15;Udvardy v Tama Korpatsch Panna Udvardy-Match Odds | Betfair Bet ID 1:263216102958 | Placed 01-Apr-22 00:09:27;Back;2,2;10; -- ;-10;Lost
31-Mar-22 14:19:15;Quiroz v Krstin Pedja Krstin-Match Odds | Betfair Bet ID 1:263192755084 | Placed 31-Mar-22 13:21:54;Back;2,66;10; -- ;16,6;Won
31-Mar-22 14:19:15;Quiroz v Krstin Roberto Quiroz-Match Odds | Betfair Bet ID 1:263192761811 | Placed 31-Mar-22 13:22:00;Back;1,59;16,72; -- ;-16,72;Lost
31-Mar-22 14:19:15;Quiroz v Krstin Pedja Krstin-Match Odds | Betfair Bet ID 1:263192832164 | Placed 31-Mar-22 13:23:28;Back;2,3;10; -- ;12,97;Won
31-Mar-22 11:53:50;M Ilhan v I Snitari M Ilhan-Match Odds | Betfair Bet ID 1:263164950763 | Placed 31-Mar-22 07:47:23;Back;3;10; -- ;20;Won
31-Mar-22 10:34:19;Kohlschreiber v Taberner Philipp Kohlschreiber-Match Odds | Betfair Bet ID 1:263164894488 | Placed 31-Mar-22 07:46:30;Back;2,85;10; -- ;18,45;Won
30-Mar-22 10:03:11;Marchenko v Ja Draper Illya Marchenko-Match Odds | Betfair Bet ID 1:262929016109 | Placed 28-Mar-22 00:38:31;Back;2,98;10; -- ;-10;Lost
30-Mar-22 09:11:07;Basic v Moraing Mats Moraing-Match Odds | Betfair Bet ID 1:262929085434 | Placed 28-Mar-22 00:41:00;Back;1,49;9,73; -- ;-9,73;Lost
30-Mar-22 09:11:07;Basic v Moraing Mats Moraing-Match Odds | Betfair Bet ID 1:262929094497 | Placed 28-Mar-22 00:41:30;Back;1,46;0,27; -- ;-0,27;Lost
29-Mar-22 14:12:22;Diez v Kicker Nicolas Kicker-Match Odds | Betfair Bet ID 1:263024343140 | Placed 29-Mar-22 12:05:54;Back;1,7;10; -- ;7;Won
29-Mar-22 12:23:34;Bonadio v Giustino Lorenzo Giustino-Match Odds | Betfair Bet ID 1:262929074081 | Placed 28-Mar-22 00:40:30;Back;2,56;10; -- ;-10;Lost
29-Mar-22 06:47:39;Copil v Novak Dennis Novak-Match Odds | Betfair Bet ID 1:262929033977 | Placed 28-Mar-22 00:39:09;Back;1,8;10; -- ;-10;Lost
29-Mar-22 05:46:04;Gaio v Martin Tiffon Federico Gaio-Match Odds | Betfair Bet ID 1:262975845110 | Placed 28-Mar-22 19:16:25;Back;1,47;15,46; -- ;7,27;Won
29-Mar-22 05:46:04;Gaio v Martin Tiffon Federico Gaio-Match Odds | Betfair Bet ID 1:262975857627 | Placed 28-Mar-22 19:16:54;Lay;1,68;13,52;9,19;-9,19;Lost
29-Mar-22 05:46:04;Gaio v Martin Tiffon Federico Gaio-Match Odds | Betfair Bet ID 1:262975867644 | Placed 28-Mar-22 19:17:16;Back;1,63;15,52; -- ;9,77;Won
28-Mar-22 10:09:50;Fr Forti v Perchicot Francesco Forti-Match Odds | Betfair Bet ID 1:262929117272 | Placed 28-Mar-22 00:42:33;Back;1,44;10; -- ;-10;Lost
27-Mar-22 23:24:20;McDonald v A Zverev Alexander Zverev-Match Odds | Betfair Bet ID 1:262886004289 | Placed 27-Mar-22 12:13:38;Back;1,24;10; -- ;2,4;Won
27-Mar-22 16:24:11;Kalinina v Haddad Maia Anhelina Kalinina-Match Odds | Betfair Bet ID 1:262880542518 | Placed 27-Mar-22 11:28:19;Back;2,22;16,45; -- ;20,07;Won
26-Mar-22 18:01:54;Karatsev v Humbert Aslan Karatsev-Match Odds | Betfair Bet ID 1:262793763497 | Placed 26-Mar-22 14:20:15;Back;1,74;10; -- ;7,4;Won
26-Mar-22 17:10:52;Nishioka v Evans Daniel Evans-Match Odds | Betfair Bet ID 1:262742900483 | Placed 26-Mar-22 09:23:34;Back;1,55;10; -- ;-10;Lost
26-Mar-22 16:23:15;Collins v Zvonareva Danielle Collins-Match Odds | Betfair Bet ID 1:262793613593 | Placed 26-Mar-22 14:19:12;Back;1,28;10; -- ;2,8;Won
26-Mar-22 15:56:13;Martinez v Garin Cristian Garin-Match Odds | Betfair Bet ID 1:262742971572 | Placed 26-Mar-22 09:24:22;Back;2,72;10,74; -- ;-10,74;Lost
26-Mar-22 13:37:26;Bencic v Watson Belinda Bencic-Match Odds | Betfair Bet ID 1:262742776878 | Placed 26-Mar-22 09:22:09;Back;1,29;10; -- ;2,9;Won
26-Mar-22 11:20:47;C Martinez Cirez v C Ngounoue C Martinez Cirez-Match Odds | Betfair Bet ID 1:262742835755 | Placed 26-Mar-22 09:22:49;Back;1,77;10; -- ;7,7;Won
25-Mar-22 20:15:20;Schwartzman v Kokkinakis Diego Schwartzman-Match Odds | Betfair Bet ID 1:262669222726 | Placed 25-Mar-22 15:02:17;Back;1,81;10; -- ;-10;Lost
25-Mar-22 20:15:20;Schwartzman v Kokkinakis Thanasi Kokkinakis-Match Odds | Betfair Bet ID 1:262693705253 | Placed 25-Mar-22 18:56:20;Back;36;0,5; -- ;17,5;Won
25-Mar-22 18:18:03;Rublev v Kyrgios Andrey Rublev-Match Odds | Betfair Bet ID 1:262669436928 | Placed 25-Mar-22 15:04:20;Back;1,78;10; -- ;-10;Lost
25-Mar-22 10:02:41;C Sauvant v K Rinaldo Persson C Sauvant-Match Odds | Betfair Bet ID 1:262623269298 | Placed 25-Mar-22 04:44:11;Back;2,24;10; -- ;12,4;Won
24-Mar-22 21:13:05;Bencic v Kostyuk Belinda Bencic-Match Odds | Betfair Bet ID 1:262573237906 | Placed 24-Mar-22 12:16:55;Back;1,77;10; -- ;7,7;Won
24-Mar-22 19:53:27;Tsonga v Thompson Jo-Wilfried Tsonga-Match Odds | Betfair Bet ID 1:262573074795 | Placed 24-Mar-22 12:15:21;Back;2,62;16,37; -- ;-16,37;Lost
24-Mar-22 18:38:11;Watson v Svitolina Elina Svitolina-Match Odds | Betfair Bet ID 1:262572750377 | Placed 24-Mar-22 12:11:15;Back;1,27;10; -- ;-10;Lost
24-Mar-22 12:42:05;Lestienne v Cuenin Constant Lestienne-Match Odds | Betfair Bet ID 1:262572293652 | Placed 24-Mar-22 12:04:33;Back;1,21;10; -- ;2,07;Won
24-Mar-22 08:36:26;Vavassori v Ha Medjedovic Andrea Vavassori-Match Odds | Betfair Bet ID 1:262462010918 | Placed 23-Mar-22 01:36:09;Back;1,39;7,18; -- ;2,8;Won
24-Mar-22 08:36:26;Vavassori v Ha Medjedovic Andrea Vavassori-Match Odds | Betfair Bet ID 1:262462021209 | Placed 23-Mar-22 01:36:24;Back;1,36;2,82; -- ;1,02;Won
24-Mar-22 08:36:26;Vavassori v Ha Medjedovic Andrea Vavassori-Match Odds | Betfair Bet ID 1:262484223904 | Placed 23-Mar-22 09:56:30;Lay;1,4;9,87;3,95;-3,95;Lost
23-Mar-22 19:54:39;Coric v Verdasco Borna Coric-Match Odds | Betfair Bet ID 1:262505066967 | Placed 23-Mar-22 14:46:26;Back;1,76;10; -- ;7,6;Won
23-Mar-22 19:06:12;Re Marino v Siniakova Katerina Siniakova-Match Odds | Betfair Bet ID 1:262504231522 | Placed 23-Mar-22 14:34:45;Back;1,56;10; -- ;5,6;Won
23-Mar-22 16:28:41;Luc Bronzetti v Tomljanovic Ajla Tomljanovic-Match Odds | Betfair Bet ID 1:262500403629 | Placed 23-Mar-22 13:45:31;Back;1,37;10; -- ;-10;Lost
23-Mar-22 13:01:37;Sels v Masur Daniel Masur-Match Odds | Betfair Bet ID 1:262462081607 | Placed 23-Mar-22 01:37:49;Back;1,67;10; -- ;-10;Lost
23-Mar-22 10:03:27;Brouwer v Riedi Gijs Brouwer-Match Odds | Betfair Bet ID 1:262464497306 | Placed 23-Mar-22 03:02:32;Back;1,8;10; -- ;-10;Lost
23-Mar-22 08:57:37;I Murta v A Vangelova A Vangelova-Match Odds | Betfair Bet ID 1:262464531079 | Placed 23-Mar-22 03:03:33;Back;5;10; -- ;-10;Lost
23-Mar-22 08:44:03;M Bellucci v N Vylegzhanin M Bellucci-Match Odds | Betfair Bet ID 1:262464471629 | Placed 23-Mar-22 03:01:52;Back;1,22;10; -- ;-10;Lost
23-Mar-22 08:27:23;Lu Nardi v Cuenin Luca Nardi-Match Odds | Betfair Bet ID 1:262462038690 | Placed 23-Mar-22 01:36:51;Back;1,24;10; -- ;-10;Lost
23-Mar-22 08:21:15;Guinard v Zeppieri Giulio Zeppieri-Match Odds | Betfair Bet ID 1:262412854270 | Placed 22-Mar-22 10:15:55;Back;2,28;10; -- ;-10;Lost
23-Mar-22 01:15:43;M Buzarnescu v O Gadecki M Buzarnescu-Match Odds | Betfair Bet ID 1:262450413672 | Placed 22-Mar-22 20:12:10;Back;1,7;10; -- ;-10;Lost
23-Mar-22 00:15:32;Olivieri v Nico Barrientos Genaro Alberto Olivieri-Match Odds | Betfair Bet ID 1:262450793640 | Placed 22-Mar-22 20:22:25;Back;1,58;10; -- ;5,8;Won
22-Mar-22 22:44:19;A Omae v R Bhosale A Omae-Match Odds | Betfair Bet ID 1:262450483583 | Placed 22-Mar-22 20:13:53;Back;2,92;10; -- ;-10;Lost
22-Mar-22 20:46:25;Bouzkova v Potapova Anastasia Potapova-Match Odds | Betfair Bet ID 1:262434113935 | Placed 22-Mar-22 16:22:18;Back;2,52;10; -- ;-10;Lost
22-Mar-22 19:55:56;Olivo v Jua Varillas Juan Pablo Varillas-Match Odds | Betfair Bet ID 1:262434285141 | Placed 22-Mar-22 16:24:47;Back;1,35;10,35; -- ;3,62;Won
22-Mar-22 18:50:48;Kudla v U Blanch Denis Kudla-Match Odds | Betfair Bet ID 1:262431515596 | Placed 22-Mar-22 15:37:23;Back;1,37;10; -- ;3,7;Won
22-Mar-22 17:49:51;Kalinskaya v Dolehide Anna Kalinskaya-Match Odds | Betfair Bet ID 1:262428213570 | Placed 22-Mar-22 14:26:45;Back;1,46;10; -- ;4,6;Won
22-Mar-22 17:49:51;Kalinskaya v Dolehide Caroline Dolehide-Match Odds | Betfair Bet ID 1:262442714558 | Placed 22-Mar-22 17:49:10;Back;120;0,12; -- ;-0,12;Lost
22-Mar-22 17:34:02;Mag Linette v Qinw Zheng Magda Linette-Match Odds | Betfair Bet ID 1:262428377301 | Placed 22-Mar-22 14:29:48;Back;2,84;10; -- ;18,4;Won
22-Mar-22 17:23:53;Davis v Xiy Wang Lauren Davis-Match Odds | Betfair Bet ID 1:262428144769 | Placed 22-Mar-22 14:25:15;Back;1,8;10; -- ;8;Won
22-Mar-22 16:52:18;Alexandrova v Paolini Ekaterina Alexandrova-Match Odds | Betfair Bet ID 1:262423991173 | Placed 22-Mar-22 13:07:04;Back;1,82;10; -- ;8,2;Won
22-Mar-22 16:12:39;Sh Mochizuki v Kukushkin Mikhail Kukushkin-Match Odds | Betfair Bet ID 1:262425878451 | Placed 22-Mar-22 13:43:22;Back;1,2;11,98; -- ;2,4;Won
22-Mar-22 16:02:29;Frech v Voegele Magdalena Frech-Match Odds | Betfair Bet ID 1:262424021443 | Placed 22-Mar-22 13:07:23;Back;1,57;10; -- ;5,7;Won
22-Mar-22 15:35:02;Watson v Rus Arantxa Rus-Match Odds | Betfair Bet ID 1:262419868727 | Placed 22-Mar-22 12:03:51;Back;1,79;10; -- ;-10;Lost
22-Mar-22 15:33:38;Mchale v Galfi Christina McHale-Match Odds | Betfair Bet ID 1:262424074714 | Placed 22-Mar-22 13:08:07;Back;2,14;10; -- ;-10;Lost
22-Mar-22 15:06:06;Kanepi v Zanevska Kaia Kanepi-Match Odds | Betfair Bet ID 1:262423959614 | Placed 22-Mar-22 13:06:40;Back;1,62;10; -- ;6,2;Won
22-Mar-22 14:13:01;Anderson v Krueger Kevin Anderson-Match Odds | Betfair Bet ID 1:262419840212 | Placed 22-Mar-22 12:03:15;Back;1,59;10; -- ;-10;Lost
22-Mar-22 14:11:03;Fatic v Kuzmanov Dimitar Kuzmanov-Match Odds | Betfair Bet ID 1:262412825242 | Placed 22-Mar-22 10:15:28;Back;1,62;10; -- ;-10;Lost
22-Mar-22 13:27:01;Martin v Balzerani Andrej Martin-Match Odds | Betfair Bet ID 1:262419914726 | Placed 22-Mar-22 12:04:48;Back;1,2;12,22; -- ;2,44;Won
22-Mar-22 12:54:19;O Ovcharenko v A Cazaux A Cazaux-Match Odds | Betfair Bet ID 1:262415628091 | Placed 22-Mar-22 10:58:33;Back;1,25;10; -- ;2,5;Won
22-Mar-22 12:17:58;P Nejedly v F Gill F Gill-Match Odds | Betfair Bet ID 1:262406449005 | Placed 22-Mar-22 08:07:26;Back;1,55;10; -- ;5,5;Won
22-Mar-22 12:07:05;Ot Virtanen v Moriya Hiroki Moriya-Match Odds | Betfair Bet ID 1:262415573537 | Placed 22-Mar-22 10:57:41;Back;3,1;10; -- ;-10;Lost
22-Mar-22 11:54:59;Arnaldi v Svrcina Dalibor Svrcina-Match Odds | Betfair Bet ID 1:262406665110 | Placed 22-Mar-22 08:11:36;Back;1,52;10; -- ;5,2;Won
22-Mar-22 11:28:33;Mwe Mbithi v Ni Bybel M Mbithi-Match Odds | Betfair Bet ID 1:262406401436 | Placed 22-Mar-22 08:06:19;Back;1,3;10; -- ;3;Won
22-Mar-22 11:15:36;Dzumhur v Forejtek Damir Dzumhur-Match Odds | Betfair Bet ID 1:262406314470 | Placed 22-Mar-22 08:04:52;Back;1,6;10; -- ;-10;Lost
22-Mar-22 10:03:07;V Erjavec v J Bouzas Maneiro J Bouzas Maneiro-Match Odds | Betfair Bet ID 1:262406217370 | Placed 22-Mar-22 08:02:54;Back;1,48;10; -- ;4,8;Won
22-Mar-22 03:26:39;T Schoolkate v A Crnokrak T Schoolkate-Match Odds | Betfair Bet ID 1:262392007705 | Placed 21-Mar-22 23:53:44;Back;1,31;10; -- ;3,1;Won
22-Mar-22 00:10:30;Mena v Oliveira Facundo Mena-Match Odds | Betfair Bet ID 1:262386047318 | Placed 21-Mar-22 20:50:20;Back;1,58;10; -- ;5,8;Won
21-Mar-22 21:42:11;Sock v Vukic Aleksandar Vukic-Match Odds | Betfair Bet ID 1:262386059247 | Placed 21-Mar-22 20:50:39;Back;3,1;10; -- ;-10;Lost
21-Mar-22 20:11:36;Eubanks v L Broady Christopher Eubanks-Match Odds | Betfair Bet ID 1:262379978964 | Placed 21-Mar-22 18:13:51;Back;2,4;10; -- ;14;Won
21-Mar-22 20:10:05;Mai Hontama v Potapova Anastasia Potapova-Match Odds | Betfair Bet ID 1:262371987547 | Placed 21-Mar-22 15:59:33;Back;1,65;10; -- ;6,5;Won
21-Mar-22 19:57:27;Villanueva v Nico Barrientos Gonzalo Villanueva-Match Odds | Betfair Bet ID 1:262379944469 | Placed 21-Mar-22 18:13:14;Back;2,2;10; -- ;-10;Lost
21-Mar-22 19:19:01;Inglis v Gorgodze Ekaterine Gorgodze-Match Odds | Betfair Bet ID 1:262369361895 | Placed 21-Mar-22 15:10:56;Back;2,66;10; -- ;16,6;Won
21-Mar-22 18:13:07;Ziz Bergs v Hoang Antoine Hoang-Match Odds | Betfair Bet ID 1:262372039963 | Placed 21-Mar-22 16:00:32;Back;2,68;10; -- ;-10;Lost
21-Mar-22 18:09:46;Davis v Pris Hon Lauren Davis-Match Odds | Betfair Bet ID 1:262364523358 | Placed 21-Mar-22 13:46:59;Back;1,71;10; -- ;7,1;Won
21-Mar-22 17:50:39;Xiy Wang v Paquet Chloe Paquet-Match Odds | Betfair Bet ID 1:262372061297 | Placed 21-Mar-22 16:00:58;Back;2,14;10; -- ;-10;Lost
21-Mar-22 17:08:32;Vi Sachko v A Muller Alexandre Muller-Match Odds | Betfair Bet ID 1:262371694349 | Placed 21-Mar-22 15:54:01;Back;1,78;10; -- ;-10;Lost
21-Mar-22 16:49:17;U Blanch v Moraing Mats Moraing-Match Odds | Betfair Bet ID 1:262372007048 | Placed 21-Mar-22 15:59:58;Back;1,49;10; -- ;-10;Lost
21-Mar-22 16:27:52;Galan v Ma Damm Daniel Elahi Galan-Match Odds | Betfair Bet ID 1:262369463810 | Placed 21-Mar-22 15:12:45;Back;1,35;10; -- ;3,5;Won
21-Mar-22 16:27:52;Galan v Ma Damm Martin Damm-Match Odds | Betfair Bet ID 1:262371815870 | Placed 21-Mar-22 15:56:27;Back;11;1,22; -- ;-1,22;Lost
21-Mar-22 16:02:59;Voegele v Krunic Aleksandra Krunic-Match Odds | Betfair Bet ID 1:262364559036 | Placed 21-Mar-22 13:47:30;Back;1,88;10; -- ;-10;Lost
21-Mar-22 15:15:25;Horansky v Je Kym Filip Horansky-Match Odds | Betfair Bet ID 1:262364662807 | Placed 21-Mar-22 13:48:51;Back;1,54;13,51; -- ;7,3;Won
21-Mar-22 14:43:19;Machac v Seppi Andreas Seppi-Match Odds | Betfair Bet ID 1:262349818165 | Placed 21-Mar-22 09:35:14;Back;2,92;10; -- ;19,2;Won
21-Mar-22 14:22:30;Kat Zavatska v Re Marino Katarina Zavatska-Match Odds | Betfair Bet ID 1:262356883424 | Placed 21-Mar-22 11:47:09;Back;3,6;10; -- ;-10;Lost
21-Mar-22 13:46:35;Aly Parks v Rakhimova Alycia Parks-Match Odds | Betfair Bet ID 1:262349751622 | Placed 21-Mar-22 09:33:51;Back;2,84;10; -- ;18,4;Won
21-Mar-22 13:46:35;Aly Parks v Rakhimova Kamilla Rakhimova-Match Odds | Betfair Bet ID 1:262364168435 | Placed 21-Mar-22 13:41:46;Back;21;1,35; -- ;-1,35;Lost
21-Mar-22 12:33:27;Bobrov v Bielinskyi B Bobrov-Match Odds | Betfair Bet ID 1:262349313078 | Placed 21-Mar-22 09:23:47;Back;1,3;10; -- ;-10;Lost
21-Mar-22 12:23:51;Daniel v Purcell Max Purcell-Match Odds | Betfair Bet ID 1:262349687885 | Placed 21-Mar-22 09:32:37;Back;3,3;10; -- ;-10;Lost
21-Mar-22 09:26:34;Michalski v Perchicot Daniel Michalski-Match Odds | Betfair Bet ID 1:262335879834 | Placed 21-Mar-22 01:56:55;Back;1,28;10; -- ;2,8;Won
20-Mar-22 21:19:11;Nadal v Fritz Rafael Nadal-Match Odds | Betfair Bet ID 1:262300205927 | Placed 20-Mar-22 15:05:24;Back;1,26;15; -- ;-15;Lost
20-Mar-22 18:07:37;Altmaier v Kudla Daniel Altmaier-Match Odds | Betfair Bet ID 1:262299836271 | Placed 20-Mar-22 15:02:13;Back;2,44;10; -- ;-10;Lost
19-Mar-22 20:59:45;Altmaier v L Broady Daniel Altmaier-Match Odds | Betfair Bet ID 1:262168082519 | Placed 19-Mar-22 16:56:11;Back;2,14;10; -- ;11,4;Won
19-Mar-22 02:05:12;Paula Badosa v Sakkari Maria Sakkari-Match Odds | Betfair Bet ID 1:262027050769 | Placed 18-Mar-22 21:53:41;Back;2,2;10; -- ;12,02;Won
18-Mar-22 17:07:11;P Ormaechea v D Vismane D Vismane-Match Odds | Betfair Bet ID 1:261990340208 | Placed 18-Mar-22 15:22:14;Back;2,34;10; -- ;-10;Lost
18-Mar-22 12:28:55;A Gabric v L Salden A Gabric-Match Odds | Betfair Bet ID 1:261956244339 | Placed 18-Mar-22 10:24:45;Back;1,85;10; -- ;-10;Lost
18-Mar-22 00:10:52;Carlos Alcaraz v Norrie Cameron Norrie-Match Odds | Betfair Bet ID 1:261921543055 | Placed 17-Mar-22 23:28:15;Back;6,8;10; -- ;-10;Lost
17-Mar-22 12:56:47;G Den Ouden v J Choinski G Den Ouden-Match Odds | Betfair Bet ID 1:261870384659 | Placed 17-Mar-22 11:09:26;Back;3;10; -- ;-10;Lost
17-Mar-22 11:44:06;A Matusevich v A Escoffier A Escoffier-Match Odds | Betfair Bet ID 1:261869365351 | Placed 17-Mar-22 10:57:31;Back;1,9;10; -- ;-10;Lost
16-Mar-22 20:59:07;Hug Gaston v Majchrzak Hugo Gaston-Match Odds | Betfair Bet ID 1:261822858147 | Placed 16-Mar-22 18:25:22;Back;2,54;10; -- ;-10;Lost
16-Mar-22 17:36:01;Fritz v De Minaur Taylor Fritz-Match Odds | Betfair Bet ID 1:261799917255 | Placed 16-Mar-22 15:06:06;Back;1,8;10; -- ;8;Won
16-Mar-22 17:21:42;V Ryser v C Alves V Ryser-Match Odds | Betfair Bet ID 1:261792826189 | Placed 16-Mar-22 13:56:12;Back;3,1;10; -- ;-10;Lost
16-Mar-22 13:04:24;Lama v To Etcheverry Tomas Martin Etcheverry-Match Odds | Betfair Bet ID 1:261779630937 | Placed 16-Mar-22 11:05:28;Back;1,41;10; -- ;4,1;Won
16-Mar-22 12:28:09;Tirante v Furness Evan Furness-Match Odds | Betfair Bet ID 1:261780073698 | Placed 16-Mar-22 11:10:02;Back;2;10; -- ;-10;Lost
16-Mar-22 11:44:00;I Lavino v S Rocchetti S Rocchetti-Match Odds | Betfair Bet ID 1:261766680000 | Placed 16-Mar-22 07:51:40;Back;1,82;10; -- ;-10;Lost
16-Mar-22 11:05:51;Serdarusic v Cobolli Flavio Cobolli-Match Odds | Betfair Bet ID 1:261771979370 | Placed 16-Mar-22 09:20:38;Back;3,5;10; -- ;-10;Lost
16-Mar-22 11:05:51;Serdarusic v Cobolli Nino Serdarusic-Match Odds | Betfair Bet ID 1:261777754408 | Placed 16-Mar-22 10:43:05;Back;1,86;18,81; -- ;16,18;Won
16-Mar-22 10:53:41;Skatov v Elias Gastao Elias-Match Odds | Betfair Bet ID 1:261771912823 | Placed 16-Mar-22 09:19:36;Back;2,5;10; -- ;-10;Lost
16-Mar-22 10:12:31;J Kym v A Setkic A Setkic-Match Odds | Betfair Bet ID 1:261771722779 | Placed 16-Mar-22 09:16:26;Back;2;10; -- ;-10;Lost
16-Mar-22 09:59:37;L Nguyen Tan v J Middendorf J Middendorf-Match Odds | Betfair Bet ID 1:261767320280 | Placed 16-Mar-22 08:02:50;Back;3;10; -- ;20;Won
16-Mar-22 08:25:01;A Nagata v K Kuzmova A Nagata-Match Odds | Betfair Bet ID 1:261766989533 | Placed 16-Mar-22 07:57:18;Back;3,2;10; -- ;22;Won
16-Mar-22 07:56:52;M Spigarelli v D Drahota Szabo M Spigarelli-Match Odds | Betfair Bet ID 1:261754705343 | Placed 16-Mar-22 02:07:33;Back;2,2;10; -- ;-10;Lost
16-Mar-22 05:52:41;N Khirin v D Papamichail D Papamichail-Match Odds | Betfair Bet ID 1:261754580578 | Placed 16-Mar-22 02:01:24;Back;1,6;10; -- ;-10;Lost
16-Mar-22 05:32:43;D Shnaider v K Gerlach K Gerlach-Match Odds | Betfair Bet ID 1:261754520185 | Placed 16-Mar-22 01:58:29;Back;3,2;10; -- ;-10;Lost
16-Mar-22 03:00:54;Kudermetova v Vondrousova Marketa Vondrousova-Match Odds | Betfair Bet ID 1:261751796253 | Placed 16-Mar-22 00:22:49;Back;2,06;10; -- ;-10;Lost
16-Mar-22 01:22:05;Rublev v Tiafoe Frances Tiafoe-Match Odds | Betfair Bet ID 1:261751853129 | Placed 16-Mar-22 00:24:32;Back;3,55;10; -- ;-10;Lost
15-Mar-22 23:20:43;Bublik v Dimitrov Grigor Dimitrov-Match Odds | Betfair Bet ID 1:261743345659 | Placed 15-Mar-22 20:10:13;Back;1,8;10; -- ;8;Won
15-Mar-22 18:48:07;E King v Al Kovacevic Evan King-Match Odds | Betfair Bet ID 1:261734416333 | Placed 15-Mar-22 18:04:54;Back;12;10; -- ;-10;Lost
15-Mar-22 18:48:07;E King v Al Kovacevic Aleksandar Kovacevic-Match Odds | Betfair Bet ID 1:261738340336 | Placed 15-Mar-22 18:31:22;Back;1,29;93,02; -- ;26,98;Won
15-Mar-22 17:30:30;Rinderknech v Cerundolo Francisco Cerundolo-Match Odds | Betfair Bet ID 1:261706334770 | Placed 15-Mar-22 14:58:21;Back;2,78;10; -- ;-10;Lost
15-Mar-22 17:03:35;G Simon v Machac Gilles Simon-Match Odds | Betfair Bet ID 1:261706141095 | Placed 15-Mar-22 14:56:41;Back;3,15;10; -- ;21,5;Won
15-Mar-22 16:56:01;Kecmanovic v Van de Zandschulp Botic Van de Zandschulp-Match Odds | Betfair Bet ID 1:261706198398 | Placed 15-Mar-22 14:57:14;Back;1,71;10; -- ;-10;Lost
15-Mar-22 16:43:24;Moraing v Krueger Mats Moraing-Match Odds | Betfair Bet ID 1:261707985805 | Placed 15-Mar-22 15:09:21;Back;2;10; -- ;-10;Lost
15-Mar-22 15:30:45;Em Nava v Bolt Alex Bolt-Match Odds | Betfair Bet ID 1:261702727427 | Placed 15-Mar-22 14:23:58;Back;2,68;10; -- ;-10;Lost
15-Mar-22 15:30:45;Em Nava v Bolt Alex Bolt-Match Odds | Betfair Bet ID 1:261702804864 | Placed 15-Mar-22 14:25:05;Back;4,4;10; -- ;-10;Lost
15-Mar-22 15:19:02;Sandgren v Purcell Max Purcell-Match Odds | Betfair Bet ID 1:261701891748 | Placed 15-Mar-22 14:15:02;Back;2,34;10; -- ;13,4;Won
15-Mar-22 15:19:02;Sandgren v Purcell Tennys Sandgren-Match Odds | Betfair Bet ID 1:261705364727 | Placed 15-Mar-22 14:50:03;Back;4,7;4,97; -- ;-4,97;Lost
15-Mar-22 14:15:13;J De Jong v Olivo Jesper De Jong-Match Odds | Betfair Bet ID 1:261699677296 | Placed 15-Mar-22 13:44:03;Back;2,06;10; -- ;-10;Lost
15-Mar-22 13:40:13;Ju Torres v Diez Steven Diez-Match Odds | Betfair Bet ID 1:261694144521 | Placed 15-Mar-22 12:22:41;Back;3,25;10; -- ;22,5;Won
15-Mar-22 13:40:13;Ju Torres v Diez Juan Bautista Torres-Match Odds | Betfair Bet ID 1:261695521733 | Placed 15-Mar-22 12:42:58;Back;2,98;10,9; -- ;-10,9;Lost
15-Mar-22 11:37:02;Furness v Kopriva Evan Furness-Match Odds | Betfair Bet ID 1:261686550581 | Placed 15-Mar-22 10:39:55;Back;3,6;10; -- ;26;Won
15-Mar-22 11:37:02;Furness v Kopriva Vit Kopriva-Match Odds | Betfair Bet ID 1:261688795668 | Placed 15-Mar-22 11:08:36;Back;3,5;10,28; -- ;-10,28;Lost
15-Mar-22 11:04:32;J Bornay v J Stamatova J Bornay-Match Odds | Betfair Bet ID 1:261675931198 | Placed 15-Mar-22 08:04:44;Back;2,7;10; -- ;17;Won
15-Mar-22 11:04:32;J Bornay v J Stamatova J Stamatova-Match Odds | Betfair Bet ID 1:261688218555 | Placed 15-Mar-22 11:01:11;Back;4,1;6,58; -- ;-6,58;Lost
15-Mar-22 10:34:49;Haase v Wessels Robin Haase-Match Odds | Betfair Bet ID 1:261676178655 | Placed 15-Mar-22 08:08:04;Back;1,4;13,56; -- ;5,42;Won
15-Mar-22 09:02:29;Gimeno Valero v Coppejans Kimmer Coppejans-Match Odds | Betfair Bet ID 1:261675729810 | Placed 15-Mar-22 08:01:45;Back;3,15;10; -- ;-10;Lost
15-Mar-22 09:02:29;Gimeno Valero v Coppejans Carlos Gimeno Valero-Match Odds | Betfair Bet ID 1:261676895518 | Placed 15-Mar-22 08:16:51;Back;3,4;9,26; -- ;22,22;Won
15-Mar-22 00:15:37;Brooksby v Tsitsipas Stefanos Tsitsipas-Match Odds | Betfair Bet ID 1:261650317265 | Placed 14-Mar-22 19:54:15;Back;1,63;10; -- ;-10;Lost
15-Mar-22 00:15:37;Brooksby v Tsitsipas Stefanos Tsitsipas-Match Odds | Betfair Bet ID 1:261657658403 | Placed 14-Mar-22 23:39:42;Back;2,96;10; -- ;-10;Lost
14-Mar-22 23:52:31;Sinner v Bonzi Jannik Sinner-Match Odds | Betfair Bet ID 1:261650303795 | Placed 14-Mar-22 19:53:49;Back;1,25;10; -- ;2,5;Won
14-Mar-22 23:52:31;Sinner v Bonzi Jannik Sinner-Match Odds | Betfair Bet ID 1:261656397685 | Placed 14-Mar-22 23:00:00;Back;1,89;10; -- ;8,9;Won
14-Mar-22 23:52:31;Sinner v Bonzi Benjamin Bonzi-Match Odds | Betfair Bet ID 1:261656881124 | Placed 14-Mar-22 23:13:12;Back;4,7;6,68; -- ;-6,68;Lost
14-Mar-22 21:16:55;Azarenka v Rybakina Victoria Azarenka-Match Odds | Betfair Bet ID 1:261637434196 | Placed 14-Mar-22 17:04:12;Back;1,58;10; -- ;-10;Lost
14-Mar-22 20:57:44;Golubic v Paolini Viktorija Golubic-Match Odds | Betfair Bet ID 1:261637318113 | Placed 14-Mar-22 17:03:18;Back;1,9;10; -- ;9;Won
14-Mar-22 19:24:37;Vondrousova v Kontaveit Anett Kontaveit-Match Odds | Betfair Bet ID 1:261618509127 | Placed 14-Mar-22 13:56:42;Back;1,51;10; -- ;-10;Lost
14-Mar-22 19:12:58;Svajda v Krueger Mitchell Krueger-Match Odds | Betfair Bet ID 1:261637131219 | Placed 14-Mar-22 17:01:55;Back;1,68;10; -- ;6,8;Won
14-Mar-22 17:46:42;Bouzkova v Kudermetova Veronika Kudermetova-Match Odds | Betfair Bet ID 1:261618536690 | Placed 14-Mar-22 13:57:03;Back;1,95;10; -- ;9,5;Won
14-Mar-22 17:32:26;Cam Ugo Carabelli v G Melzer Gerald Melzer-Match Odds | Betfair Bet ID 1:261618350114 | Placed 14-Mar-22 13:54:56;Back;2,68;10; -- ;-10;Lost
14-Mar-22 16:42:40;Grenier v Em Nava Emilio Nava-Match Odds | Betfair Bet ID 1:261618475013 | Placed 14-Mar-22 13:56:20;Back;2,28;10; -- ;12,8;Won
14-Mar-22 16:14:34;Sakkari v Kvitova Petra Kvitova-Match Odds | Betfair Bet ID 1:261618446660 | Placed 14-Mar-22 13:56:00;Back;3,1;10; -- ;-10;Lost
14-Mar-22 15:56:16;Tirante v Da Nunez Thiago Agustin Tirante-Match Odds | Betfair Bet ID 1:261618405097 | Placed 14-Mar-22 13:55:32;Back;1,2;10; -- ;2;Won
14-Mar-22 15:26:45;U Blanch v Bolt Alex Bolt-Match Odds | Betfair Bet ID 1:261618320026 | Placed 14-Mar-22 13:54:34;Back;1,58;10; -- ;5,8;Won
14-Mar-22 14:54:26;Oliel v Denolly Yshai Oliel-Match Odds | Betfair Bet ID 1:261610374569 | Placed 14-Mar-22 12:08:50;Back;1,61;10; -- ;-10;Lost
14-Mar-22 12:56:31;Martineau v Ju Torres Matteo Martineau-Match Odds | Betfair Bet ID 1:261604709106 | Placed 14-Mar-22 10:52:38;Back;2,5;10; -- ;-10;Lost
14-Mar-22 10:54:00;Maestrelli v Gimeno Valero Carlos Gimeno Valero-Match Odds | Betfair Bet ID 1:261596067041 | Placed 14-Mar-22 08:16:25;Back;1,38;10; -- ;3,8;Won
14-Mar-22 09:16:54;Gautier v Ug Blanchet Ugo Blanchet-Match Odds | Betfair Bet ID 1:261596102945 | Placed 14-Mar-22 08:17:16;Back;6,4;10; -- ;-10;Lost
14-Mar-22 08:47:11;Vavassori v Arnaldi Andrea Vavassori-Match Odds | Betfair Bet ID 1:261596205549 | Placed 14-Mar-22 08:19:20;Back;1,86;10; -- ;8,6;Won
14-Mar-22 03:05:06;Paul v A Zverev Alexander Zverev-Match Odds | Betfair Bet ID 1:261579895786 | Placed 13-Mar-22 23:04:53;Back;1,3;10; -- ;-10;Lost
14-Mar-22 03:05:06;Paul v A Zverev Alexander Zverev-Match Odds | Betfair Bet ID 1:261585795907 | Placed 14-Mar-22 02:36:47;Lay;1,05;12,26;0,61;12,26;Won
14-Mar-22 03:05:06;Paul v A Zverev Alexander Zverev-Match Odds | Betfair Bet ID 1:261585799804 | Placed 14-Mar-22 02:36:55;Lay;1,05;0,12;0,01;0,12;Won
14-Mar-22 02:14:16;Carreno Busta v Munar Pablo Carreno Busta-Match Odds | Betfair Bet ID 1:261568779830 | Placed 13-Mar-22 18:57:38;Back;1,46;10; -- ;-10;Lost
14-Mar-22 00:26:08;Thompson v Dimitrov Grigor Dimitrov-Match Odds | Betfair Bet ID 1:261568613199 | Placed 13-Mar-22 18:55:19;Back;1,39;10; -- ;3,9;Won
13-Mar-22 22:59:44;De Minaur v Millman John Millman-Match Odds | Betfair Bet ID 1:261547754113 | Placed 13-Mar-22 15:43:43;Back;3,25;10; -- ;-10;Lost
13-Mar-22 22:39:15;Nakashima v Tiafoe Frances Tiafoe-Match Odds | Betfair Bet ID 1:261568694053 | Placed 13-Mar-22 18:56:25;Back;2,5;10; -- ;15;Won
13-Mar-22 21:39:01;Kalinskaya v Cirstea Anna Kalinskaya-Match Odds | Betfair Bet ID 1:261547630828 | Placed 13-Mar-22 15:42:47;Back;2,66;10; -- ;-10;Lost
13-Mar-22 21:02:02;Schwartzman v Emil Ruusuvuori Diego Schwartzman-Match Odds | Betfair Bet ID 1:261547364784 | Placed 13-Mar-22 15:40:46;Back;1,76;10; -- ;7,6;Won
13-Mar-22 20:41:16;Keys v Riske Alison Riske-Match Odds | Betfair Bet ID 1:261567068399 | Placed 13-Mar-22 18:36:58;Back;3,2;10; -- ;-10;Lost
13-Mar-22 20:34:55;Bagnis v L Harris Lloyd Harris-Match Odds | Betfair Bet ID 1:261547858629 | Placed 13-Mar-22 15:44:34;Back;1,68;10; -- ;6,8;Won
13-Mar-22 19:01:39;Bublik v Murray Andy Murray-Match Odds | Betfair Bet ID 1:261547475929 | Placed 13-Mar-22 15:41:36;Back;1,7;10; -- ;-10;Lost
13-Mar-22 18:20:38;Dellien v Tabilo Hugo Dellien-Match Odds | Betfair Bet ID 1:261522461355 | Placed 13-Mar-22 13:00:58;Back;2,76;10; -- ;17,6;Won
13-Mar-22 18:05:09;Cilic v Kecmanovic Marin Cilic-Match Odds | Betfair Bet ID 1:261521979061 | Placed 13-Mar-22 12:58:03;Back;1,7;10; -- ;-10;Lost
13-Mar-22 17:56:10;Emm Raducanu v Martic Petra Martic-Match Odds | Betfair Bet ID 1:261522334229 | Placed 13-Mar-22 13:00:19;Back;2,92;10; -- ;19,2;Won
13-Mar-22 16:56:30;Karatsev v Johnson Aslan Karatsev-Match Odds | Betfair Bet ID 1:261522050227 | Placed 13-Mar-22 12:58:34;Back;1,51;10; -- ;-10;Lost
13-Mar-22 16:38:05;Querrey v Isner Sam Querrey-Match Odds | Betfair Bet ID 1:261539069624 | Placed 13-Mar-22 14:34:03;Back;3,4;10; -- ;-10;Lost
13-Mar-22 12:10:07;Jianu v Gautier Alexis Gautier-Match Odds | Betfair Bet ID 1:261474790919 | Placed 13-Mar-22 08:37:00;Back;2,78;10; -- ;17,8;Won
13-Mar-22 11:40:28;Taberner v Borges Nuno Borges-Match Odds | Betfair Bet ID 1:261484472644 | Placed 13-Mar-22 09:46:01;Back;2,32;10; -- ;-10;Lost
13-Mar-22 11:38:46;Potenza v Ni Alvarez Varona Luca Potenza-Match Odds | Betfair Bet ID 1:261474149293 | Placed 13-Mar-22 08:32:24;Back;2,82;10; -- ;-10;Lost
13-Mar-22 11:26:51;Ramanathan v Maestrelli Ramkumar Ramanathan-Match Odds | Betfair Bet ID 1:261474650857 | Placed 13-Mar-22 08:35:58;Back;1,53;10; -- ;-10;Lost
13-Mar-22 10:37:19;Ug Blanchet v Jaziri Malek Jaziri-Match Odds | Betfair Bet ID 1:261481660407 | Placed 13-Mar-22 09:28:27;Back;1,6;10; -- ;-10;Lost
13-Mar-22 09:38:43;S Lazar v E Baraniakov√° E Baraniakova-Match Odds | Betfair Bet ID 1:261473947042 | Placed 13-Mar-22 08:30:58;Back;1,94;10; -- ;9,4;Won
13-Mar-22 09:34:22;M Copil v A Vatutin M Copil-Match Odds | Betfair Bet ID 1:261474452029 | Placed 13-Mar-22 08:34:33;Back;1,74;10; -- ;7,4;Won
13-Mar-22 09:07:52;Arnaldi v Rosol Lukas Rosol-Match Odds | Betfair Bet ID 1:261474289213 | Placed 13-Mar-22 08:33:25;Back;2,26;10; -- ;-10;Lost
13-Mar-22 07:40:44;Piros v Passaro Zsombor Piros-Match Odds | Betfair Bet ID 1:261455375951 | Placed 13-Mar-22 03:30:01;Back;1,3;10; -- ;3;Won
13-Mar-22 06:23:07;C Monnet v P Marcinko C Monnet-Match Odds | Betfair Bet ID 1:261455534603 | Placed 13-Mar-22 03:32:27;Back;2,52;10; -- ;-10;Lost
13-Mar-22 02:11:10;Pegula v Bouzkova Jessica Pegula-Match Odds | Betfair Bet ID 1:261431439972 | Placed 12-Mar-22 21:12:05;Back;1,52;10; -- ;-10;Lost
12-Mar-22 22:48:00;Juvan v Sorribes Tormo Sara Sorribes Tormo-Match Odds | Betfair Bet ID 1:261420942613 | Placed 12-Mar-22 18:33:06;Back;1,84;10; -- ;8,4;Won
12-Mar-22 22:20:08;Bonzi v Sonego Lorenzo Sonego-Match Odds | Betfair Bet ID 1:261421361334 | Placed 12-Mar-22 18:37:21;Back;1,94;10; -- ;-10;Lost
12-Mar-22 22:12:29;Rogers v Ostapenko Jelena Ostapenko-Match Odds | Betfair Bet ID 1:261421124001 | Placed 12-Mar-22 18:34:57;Back;1,36;15; -- ;-15;Lost
12-Mar-22 21:25:48;Verdasco v Gunneswaran Fernando Verdasco-Match Odds | Betfair Bet ID 1:261421038803 | Placed 12-Mar-22 18:34:05;Back;1,36;15; -- ;5,4;Won
12-Mar-22 20:49:55;Eubanks v Ruud Casper Ruud-Match Odds | Betfair Bet ID 1:261421208077 | Placed 12-Mar-22 18:35:45;Back;1,2;10; -- ;2;Won
11-Mar-22 20:01:20;Haddad Maia v Tauson Clara Tauson-Match Odds | Betfair Bet ID 1:261225214875 | Placed 11-Mar-22 14:41:27;Back;1,44;10; -- ;4,4;Won
11-Mar-22 18:41:05;Kovinic v Ka Pliskova Karolina Pliskova-Match Odds | Betfair Bet ID 1:261220429591 | Placed 11-Mar-22 13:53:49;Back;1,35;10; -- ;-10;Lost
11-Mar-22 18:10:19;Murray v Daniel Andy Murray-Match Odds | Betfair Bet ID 1:261220400819 | Placed 11-Mar-22 13:53:24;Back;1,5;15; -- ;7,5;Won
11-Mar-22 14:43:09;Lehecka v To Etcheverry Jiri Lehecka-Match Odds | Betfair Bet ID 1:261208301488 | Placed 11-Mar-22 11:29:57;Back;1,62;15,22; -- ;-15,22;Lost
11-Mar-22 14:43:09;Lehecka v To Etcheverry Jiri Lehecka-Match Odds | Betfair Bet ID 1:261210687667 | Placed 11-Mar-22 11:55:56;Lay;1,88;13,11;11,54;13,11;Won
11-Mar-22 14:43:09;Lehecka v To Etcheverry Jiri Lehecka-Match Odds | Betfair Bet ID 1:261211359741 | Placed 11-Mar-22 12:03:19;Back;1,87;1,12; -- ;-1,12;Lost
11-Mar-22 14:43:09;Lehecka v To Etcheverry Jiri Lehecka-Match Odds | Betfair Bet ID 1:261211408358 | Placed 11-Mar-22 12:03:48;Back;1,86;12,09; -- ;-12,09;Lost
11-Mar-22 10:52:24;A Droguet v E Dartron E Dartron-Match Odds | Betfair Bet ID 1:261194081813 | Placed 11-Mar-22 08:41:14;Back;1,53;10; -- ;-10;Lost
11-Mar-22 03:06:39;Martinez v J Sousa Pedro Martinez-Match Odds | Betfair Bet ID 1:261166188239 | Placed 10-Mar-22 22:22:33;Back;1,55;10; -- ;5,5;Won
11-Mar-22 02:53:25;Q Wang v Bouzkova Qiang Wang-Match Odds | Betfair Bet ID 1:261157669156 | Placed 10-Mar-22 18:31:40;Back;1,93;10; -- ;-10;Lost
11-Mar-22 02:28:16;Soeda v U Blanch Go Soeda-Match Odds | Betfair Bet ID 1:261169223415 | Placed 10-Mar-22 23:38:47;Back;1,9;10; -- ;9;Won
11-Mar-22 02:01:38;Parrizas Diaz v Rogers Shelby Rogers-Match Odds | Betfair Bet ID 1:261166156063 | Placed 10-Mar-22 22:21:42;Back;1,64;10; -- ;6,4;Won
11-Mar-22 00:26:48;K Bondarenko v J Loeb Kateryna Bondarenko-Match Odds | Betfair Bet ID 1:261163288056 | Placed 10-Mar-22 21:11:30;Back;1,67;10; -- ;-10;Lost
10-Mar-22 23:37:47;Verdasco v Mmoh Fernando Verdasco-Match Odds | Betfair Bet ID 1:261163271681 | Placed 10-Mar-22 21:11:04;Back;1,81;10; -- ;8,1;Won
10-Mar-22 22:42:21;Eubanks v Cressy Maxime Cressy-Match Odds | Betfair Bet ID 1:261157642740 | Placed 10-Mar-22 18:31:14;Back;1,63;10; -- ;-10;Lost
10-Mar-22 22:32:34;Stephens v N Osaka Naomi Osaka-Match Odds | Betfair Bet ID 1:261157623530 | Placed 10-Mar-22 18:30:55;Back;1,4;10; -- ;4;Won
10-Mar-22 22:32:34;Stephens v N Osaka Naomi Osaka-Match Odds | Betfair Bet ID 1:261165062902 | Placed 10-Mar-22 21:56:07;Back;1,47;10; -- ;4,7;Won
10-Mar-22 22:32:34;Stephens v N Osaka Sloane Stephens-Match Odds | Betfair Bet ID 1:261165407176 | Placed 10-Mar-22 22:03:26;Back;1,56;18,39; -- ;-18,39;Lost
10-Mar-22 22:23:52;Dodin v Juvan Oceane Dodin-Match Odds | Betfair Bet ID 1:261157141873 | Placed 10-Mar-22 18:23:49;Back;3,2;10; -- ;-10;Lost
10-Mar-22 21:30:01;C Harrison v Blancaneaux Christian Harrison-Match Odds | Betfair Bet ID 1:261161033432 | Placed 10-Mar-22 20:08:28;Back;1,51;10; -- ;5,1;Won
10-Mar-22 20:12:40;Kopriva v Kicker Nicolas Kicker-Match Odds | Betfair Bet ID 1:261135810029 | Placed 10-Mar-22 14:55:16;Back;2,16;10; -- ;-10;Lost
10-Mar-22 19:04:54;Boulter v Paolini Jasmine Paolini-Match Odds | Betfair Bet ID 1:261136375296 | Placed 10-Mar-22 15:01:06;Back;1,96;20,36; -- ;19,55;Won
10-Mar-22 18:33:39;McDonald v Fucsovics Marton Fucsovics-Match Odds | Betfair Bet ID 1:261135887010 | Placed 10-Mar-22 14:56:09;Back;2,06;10; -- ;-10;Lost
10-Mar-22 18:18:03;Fognini v Andujar Pablo Andujar-Match Odds | Betfair Bet ID 1:261136328440 | Placed 10-Mar-22 15:00:34;Back;2,8;10; -- ;-10;Lost
10-Mar-22 18:10:56;Krajinovic v Lajovic Filip Krajinovic-Match Odds | Betfair Bet ID 1:261136053392 | Placed 10-Mar-22 14:58:04;Back;1,64;10; -- ;6,4;Won
10-Mar-22 17:48:19;Frech v Ma Sherif Mayar Sherif-Match Odds | Betfair Bet ID 1:261135989210 | Placed 10-Mar-22 14:57:23;Back;2,96;10; -- ;-10;Lost
10-Mar-22 17:32:02;Bonzi v Rinderknech Arthur Rinderknech-Match Odds | Betfair Bet ID 1:261136218268 | Placed 10-Mar-22 14:59:33;Back;1,9;10; -- ;-10;Lost
10-Mar-22 17:28:44;Watson v Martincova Tereza Martincova-Match Odds | Betfair Bet ID 1:261136278749 | Placed 10-Mar-22 15:00:04;Back;1,58;10; -- ;5,8;Won
10-Mar-22 17:27:33;As Krueger v Putintseva Yulia Putintseva-Match Odds | Betfair Bet ID 1:261136109175 | Placed 10-Mar-22 14:58:34;Back;1,29;10; -- ;2,9;Won
